"ID","time","EV1","CENT","PERIPH","PERIPH2","EV2","CP"
1,0,0,500,0,0,0,71.4285714285714
1,0.1,0,478.291993276306,8.79946719833926,2.09494242141595,0,68.3274276109009
1,0.2,0,457.521838848115,17.2094645808376,4.09682652345834,0,65.3602626925879
1,0.3,0,437.650119272168,25.2468361765766,6.00967762280894,0,62.5214456103096
1,0.4,0,418.638986775401,32.9277171184224,7.83735160899179,0,59.805569539343
1,0.5,0,400.452107669818,40.2675617535908,9.5835416642398,0,57.2074439528312
1,0.6,0,383.054608185616,47.2811707918855,11.2517847532104,0,54.7220868836595
1,0.7,0,366.413021128398,53.9827178277661,12.8454679629128,0,52.3447173040568
1,0.8,0,350.495234717047,60.3857745349903,14.3678345252112,0,50.070747816721
1,0.9,0,335.270442342108,66.5033352768417,15.8219896995706,0,47.895777477444
1,1,0,320.709092874172,72.3478413930138,17.2109065784835,0,45.8155846963103
1,1.1,0,306.78284646376,77.9312021069016,18.5374310847292,0,43.8261209233943
1,1.2,0,293.464527603558,83.2648171067066,19.8042873688973,0,41.9235039433654
1,1.3,0,280.728079683657,88.3595984280764,21.0140830399961,0,40.1040113833795
1,1.4,0,268.548524279702,93.2259892149626,22.1693136494303,0,38.3640748971002
1,1.5,0,256.901918005412,97.8739843492684,23.2723676220185,0,36.7002740007732
1,1.6,0,245.765313560715,102.313148304964,24.3255305232312,0,35.1093305086736
1,1.7,0,235.116720664246,106.552633394172,25.3309894202886,0,33.5881029520352
1,1.8,0,224.935068802865,110.601196805797,26.2908369544767,0,32.1335812575521
1,1.9,0,215.20017082191,114.467217369553,27.2070753478995,0,30.7428815459872
1,2,0,205.892688218569,118.158711269233,28.081620158961,0,29.4132411740812
1,2.1,0,196.99409727283,121.683347466306,28.9163039686627,0,28.1420138961185
1,2.2,0,188.486656685112,125.048462215481,29.7128798497754,0,26.9266652407302
1,2.3,0,180.353375989619,128.261073309972,30.47302477145,0,25.764767998517
1,2.4,0,172.57798559961,131.327893363719,31.1983427735552,0,24.6539979428014
1,2.5,0,165.144907631982,134.255342786993,31.8903680677606,0,23.5921296617118
1,2.6,0,158.039227394703,137.049562531476,32.550568083556,0,22.5770324849576
1,2.7,0,151.246666650614,139.71642582309,33.1803462722483,0,21.6066666643735
1,2.8,0,144.753557612516,142.261549519448,33.7810448212163,0,20.6790796589309
1,2.9,0,138.546817881448,144.690305070897,34.3539472734423,0,19.7924025544926
1,3,0,132.613926102911,147.007829275127,34.9002810977671,0,18.9448465861302
1,3.1,0,126.942899012209,149.219034073302,35.4212200299176,0,18.134699858887
1,3.2,0,121.522268988014,151.328616364,35.9178864178995,0,17.3603241411448
1,3.3,0,116.341062564828,153.341067298772,36.3913534434612,0,16.6201517949754
1,3.4,0,111.388779886744,155.260681055473,36.8426472186964,0,15.9126828409634
1,3.5,0,106.65537481589,157.091563433799,37.2727488402174,0,15.2364821165557
1,3.6,0,102.13123592096,158.837639969567,37.6825963282654,0,14.5901765601371
1,3.7,0,97.8071682046953,160.502663724968,38.073086488384,0,13.9724526006708
1,3.8,0,93.674375507865,162.090222803649,38.4450767073394,0,13.3820536439807
1,3.9,0,89.7244436633561,163.603747481181,38.7993866571011,0,12.8177776661937
1,4,0,85.94932429684,165.0465170799,39.13679993774,0,12.2784748995486
1,4.1,0,82.3413192844351,166.421666546591,39.4580656493105,0,11.7630456120622
1,4.2,0,78.8930658869776,167.732192704501,39.7638998858837,0,11.2704379838539
1,4.3,0,75.5975224048072,168.980960311006,40.054987183155,0,10.7996460578296
1,4.4,0,72.4479544897342,170.170707798138,40.3319818902428,0,10.3497077842477
1,4.5,0,69.4379220066922,171.30405277625,40.5955094848833,0,9.91970314381317
1,4.6,0,66.5612663415069,172.383497375725,40.846167849937,0,9.50875233450098
1,4.7,0,63.8120983032767,173.411433303387,41.084528481698,0,9.11601404332524
1,4.8,0,61.1847867210196,174.390146538236,41.3111376119854,0,8.74068381728852
1,4.9,0,58.6739471832472,175.321822069995,41.5265173405089,0,8.3819924547496
1,5,0,56.2744313312062,176.208548369362,41.7311667031089,0,8.0392044758866
1,5.1,0,53.9813167225295,177.052321579293,41.92556267331,0,7.71161667464707
1,5.2,0,51.7898972194941,177.855049461707,42.1101611054213,0,7.39855674564201
1,5.3,0,49.6956733761888,178.618555438562,42.2853977002266,0,7.09938191088412
1,5.4,0,47.6943434991821,179.344582280707,42.4516888864752,0,6.8134776427403
1,5.5,0,45.7817952248811,180.034795556175,42.6094326448764,0,6.5402564606973
1,5.6,0,43.95409723546,180.690787059321,42.7590093275324,0,6.27915674792286
1,5.7,0,42.2074912494407,181.314078136319,42.9007824526125,0,6.02964160706296
1,5.8,0,40.5383845302967,181.906122760686,43.0350994392744,0,5.79119779004239
1,5.9,0,38.9433428666794,182.468310393344,43.1622922910911,0,5.56333469523991
1,6,0,37.4190834344117,183.00196894747,43.2826783045433,0,5.34558334777309
1,6.1,0,35.9624681820094,183.508367503634,43.3965607178229,0,5.13749545457277
1,6.2,0,34.5704975999056,183.988718853735,43.5042293187236,0,4.93864251427223
1,6.3,0,33.240304716692,184.444181955109,43.6059610310652,0,4.74861495952742
1,6.4,0,31.9691491147251,184.875864402653,43.7020205054356,0,4.56702130210359
1,6.5,0,30.7544114215086,185.284824677847,43.7926606566101,0,4.3934873459298
1,6.6,0,29.593588168896,185.672074235963,43.8781231622955,0,4.22765545269943
1,6.7,0,28.4842865709849,186.038579652641,43.9586389760754,0,4.06918379585498
1,6.8,0,27.4242196202002,186.385264630096,44.0344288068071,0,3.9177456600286
1,6.9,0,26.411201493391,186.713011867417,44.1057035655394,0,3.77302878477014
1,7,0,25.4431432217957,187.022664817803,44.1726647854091,0,3.63473474597082
1,7.1,0,24.5180482475083,187.315029513702,44.2355050577759,0,3.50257832107262
1,7.2,0,23.6340083810598,187.590876211287,44.2944084251759,0,3.37628691157998
1,7.3,0,22.7892000227361,187.850940922096,44.3495507473127,0,3.25560000324802
1,7.4,0,21.9818803908236,188.095926950878,44.4011000685335,0,3.14026862726051
1,7.5,0,21.2103838798184,188.326506381678,44.4492169729393,0,3.03005483997406
1,7.6,0,20.4731186881954,188.543321446914,44.4940549115294,0,2.92473124117077
1,7.7,0,19.7685636827583,188.746985795695,44.5357605052704,0,2.82408052610833
1,7.8,0,19.0952651415286,188.938085823938,44.5744738629347,0,2.72789502021837
1,7.9,0,18.4518337798098,189.117181881598,44.6103288695732,0,2.63597625425855
1,8,0,17.836941966803,189.284809399707,44.6434534558243,0,2.54813456668615
1,8.1,0,17.2493210279918,189.441479983843,44.6739698592018,0,2.46418871828454
1,8.2,0,16.6877585375114,189.587682516599,44.7019948875353,0,2.38396550535877
1,8.3,0,16.151095853954,189.723884155603,44.7276401574494,0,2.30729940770772
1,8.4,0,15.6382258345781,189.850531256814,44.7510123149878,0,2.23403226208258
1,8.5,0,15.1480904773566,189.968050332765,44.7722132645882,0,2.16401292533666
1,8.6,0,14.6796787258287,190.076848942391,44.7913403817105,0,2.09709696083267
1,8.7,0,14.2320244217007,190.177316519169,44.8084867107226,0,2.03314634595725
1,8.8,0,13.8042043770309,190.26982514988,44.8237411509864,0,1.97202919671871
1,8.9,0,13.395336373536,190.354730387234,44.8371886510381,0,1.91361948193371
1,9,0,13.0045773624173,190.432371977781,44.8489103825236,0,1.85779676605961
1,9.1,0,12.6311217890285,190.503074538206,44.8589839018007,0,1.80444596986121
1,9.2,0,12.274199903043,190.567148239502,44.8674833134241,0,1.75345712900614
1,9.3,0,11.9330761334531,190.62488946497,44.8744794273757,0,1.70472516192186
1,9.4,0,11.6070475896371,190.676581415802,44.8800399037696,0,1.65814965566245
1,9.5,0,11.2954426717738,190.722494671565,44.884229386781,0,1.61363466739626
1,9.6,0,10.997619612013,190.762887781213,44.8871096458702,0,1.57108851600185
1,9.7,0,10.7129651538501,190.7980077966,44.8887397032652,0,1.53042359340716
1,9.8,0,10.4408933201185,190.828090769612,44.8891759527538,0,1.49155618858835
1,9.9,0,10.1808442114092,190.853362237372,44.8884722756228,0,1.45440631591561
1,10,0,9.93228280093912,190.874037709757,44.8866801571515,0,1.4188975429913
1,10.1,0,9.6946978417838,190.890323110432,44.8838487919972,0,1.38495683454054
1,10.2,0,9.46760085657924,190.902415184097,44.8800251815081,0,1.35251440808275
1,10.3,0,9.25052508584746,190.910501921627,44.8752542353104,0,1.32150358369249
1,10.4,0,9.04302451534642,190.914762952762,44.8695788651423,0,1.29186064504949
1,10.5,0,8.84467297030092,190.915369911452,44.8630400721533,0,1.26352471004299
1,10.6,0,8.65506326111424,190.912486780264,44.8556770292018,0,1.23643760873061
1,10.7,0,8.47380629387601,190.906270249846,44.8475271667475,0,1.210543756268
1,10.8,0,8.30053027397714,190.896870040105,44.8386262495994,0,1.18579003913959
1,10.9,0,8.13487996672308,190.884429198178,44.829008448115,0,1.16212570953187
1,11,0,7.9765159460008,190.869084401651,44.8187064106547,0,1.13950227800011
1,11.1,0,7.82511387540673,190.850966248654,44.8077513329011,0,1.11787341077239
1,11.2,0,7.68036384561812,190.830199525006,44.7961730216926,0,1.0971948350883
1,11.3,0,7.54196976045813,190.806903451543,44.7839999541236,0,1.07742425149402
1,11.4,0,7.40964868924361,190.78119194556,44.7712593400153,0,1.05852124132052
1,11.5,0,7.28313028348274,190.753173855956,44.7579771781047,0,1.04044718335468
1,11.6,0,7.16215623362822,190.722953182126,44.7441783083484,0,1.0231651762326
1,11.7,0,7.0464797360435,190.690629288822,44.7298864632642,0,1.00663996229193
1,11.8,0,6.93586496053659,190.656297120941,44.7151243192543,0,0.990837851505227
1,11.9,0,6.83008656763244,190.620047398049,44.6999135430877,0,0.97572665251892
1,12,0,6.72892926304447,190.581966793821,44.6842748347768,0,0.961275609006353
1,12.1,0,6.6321873313371,190.542138124104,44.6682279725154,0,0.947455333048157
1,12.2,0,6.53966420686889,190.500640519838,44.6517918539985,0,0.934237743838413
1,12.3,0,6.45117207437159,190.457549587967,44.6349845348722,0,0.921596010624512
1,12.4,0,6.36653149110332,190.412937563638,44.6178232651008,0,0.909504498729046
1,12.5,0,6.28557099370808,190.36687346871,44.600324526844,0,0.897938713386869
1,12.6,0,6.20812674688639,190.319423253294,44.5825040682762,0,0.886875249555198
1,12.7,0,6.13404221767557,190.270649926911,44.564376934929,0,0.876291745382225
1,12.8,0,6.06316784258642,190.220613692639,44.5459575017437,0,0.866166834655203
1,12.9,0,5.99536071078853,190.169372074767,44.5272595035751,0,0.856480101541219
1,13,0,5.93048427189354,190.116980036497,44.5082960633163,0,0.847212038841934
1,13.1,0,5.86840806502788,190.063490089032,44.4890797179656,0,0.838344009289697
1,13.2,0,5.80900743248911,190.008952406978,44.4696224462017,0,0.829858204641302
1,13.3,0,5.7521632626991,189.953414931873,44.4499356931218,0,0.821737608957015
1,13.4,0,5.69776175104243,189.896923468494,44.4300303932544,0,0.813965964434632
1,13.5,0,5.64569416386354,189.83952177991,44.409916993272,0,0.806527737694792
1,13.6,0,5.59585660396259,189.781251681957,44.3896054745661,0,0.79940808628037
1,13.7,0,5.54814979772064,189.722153128963,44.3691053737318,0,0.792592828245806
1,13.8,0,5.50247889879479,189.662264292784,44.348425801452,0,0.786068414113541
1,13.9,0,5.4587532818988,189.601621645876,44.3275754623487,0,0.779821897414114
1,14,0,5.41688635389605,189.540260037369,44.3065626731609,0,0.773840907699436
1,14.1,0,5.37679537792065,189.47821276389,44.2853953796669,0,0.768113625417236
1,14.2,0,5.33840130638052,189.415511636798,44.264081172751,0,0.762628758054361
1,14.3,0,5.30162860767491,189.352187051982,44.2426273050813,0,0.75737551538213
1,14.4,0,5.26640511138374,189.288268052197,44.2210407060047,0,0.752343587340534
1,14.5,0,5.23266186488389,189.223782384786,44.1993279953399,0,0.747523123554841
1,14.6,0,5.20033298613116,189.158756560964,44.177495497544,0,0.742904712304452
1,14.7,0,5.16935552426378,189.093215911956,44.1555492551251,0,0.738479360609111
1,14.8,0,5.13966933117341,189.027184640702,44.1334950409983,0,0.734238475881916
1,14.9,0,5.11121694240161,188.960685869801,44.1113383699419,0,0.730173848914516
1,15,0,5.08394344905596,188.893741693097,44.0890845109237,0,0.726277635579423
1,15.1,0,5.05779638464356,188.826373221244,44.0667384979882,0,0.722542340663366
1,15.2,0,5.03272561823661,188.758600624712,44.0443051405339,0,0.71896080260523
1,15.3,0,5.00868325976483,188.690443171905,44.021789032421,0,0.715526179966404
1,15.4,0,4.98562354749818,188.621919274481,43.9991945628009,0,0.712231935356884
1,15.5,0,4.96350275571714,188.55304652452,43.9765259249969,0,0.709071822245305
1,15.6,0,4.94227910554007,188.483841730422,43.9537871250828,0,0.706039872220009
1,15.7,0,4.92191268389812,188.414320949521,43.9309819896752,0,0.703130383414017
1,15.8,0,4.90236535206852,188.344499524916,43.9081141747353,0,0.70033790743836
1,15.9,0,4.8836006679089,188.274392116779,43.885187173049,0,0.6976572382727
1,16,0,4.86558381178507,188.204012732171,43.8622043213521,0,0.695083401683581
1,16.1,0,4.84828152005463,188.133374751818,43.8391688067274,0,0.69261164572209
1,16.2,0,4.83166200736829,188.062490961392,43.8160836740809,0,0.690237429624041
1,16.3,0,4.81569490241524,187.991373577382,43.7929518323221,0,0.687956414630749
1,16.4,0,4.80035118624841,187.920034271918,43.7697760602966,0,0.685764455178345
1,16.5,0,4.78560313646091,187.84848419524,43.7465590121549,0,0.683657590922987
1,16.6,0,4.77142426287472,187.776734001593,43.7233032235398,0,0.681632037553531
1,16.7,0,4.75778925394608,187.7047938708,43.7000111167414,0,0.679684179135154
1,16.8,0,4.74467392528642,187.632673528983,43.6766850056486,0,0.677810560755202
1,16.9,0,4.73205517266622,187.560382267482,43.6533271002691,0,0.67600788180946
1,17,0,4.71991091883229,187.487928964264,43.6299395118458,0,0.674272988404612
1,17.1,0,4.70822006864383,187.415322101982,43.606524257172,0,0.672602866949119
1,17.2,0,4.69696246638323,187.342569785162,43.5830832626973,0,0.670994638054747
1,17.3,0,4.68611885704983,187.269679755778,43.55961836825,0,0.669445551007119
1,17.4,0,4.67567084134665,187.196659411374,43.536131331368,0,0.667952977335236
1,17.5,0,4.66560083861435,187.123515819989,43.5126238308631,0,0.666514405516336
1,17.6,0,4.65589205118094,187.050255734498,43.4890974702505,0,0.665127435882991
1,17.7,0,4.6465284316367,186.976885605795,43.4655537808958,0,0.663789775948101
1,17.8,0,4.63749464586917,186.903411597662,43.4419942255709,0,0.662499235124167
1,17.9,0,4.62877604197775,186.829839599292,43.418420201444,0,0.661253720282535
1,18,0,4.62035862081375,186.756175237139,43.3948330429129,0,0.660051231544821
1,18.1,0,4.61222900885078,186.682423885843,43.3712340242142,0,0.658889858407255
1,18.2,0,4.60437442651087,186.608590680978,43.34762436247,0,0.657767775215839
1,18.3,0,4.59678266243357,186.534680529408,43.3240052201629,0,0.65668323749051
1,18.4,0,4.58944204805123,186.460698119524,43.3003777075814,0,0.655634578293033
1,18.5,0,4.58234143809745,186.386647929086,43.2767428846939,0,0.654620205442493
1,18.6,0,4.57547018286845,186.312534236389,43.2531017638172,0,0.653638597552635
1,18.7,0,4.56881810596021,186.238361129228,43.2294553117579,0,0.652688300851458
1,18.8,0,4.56237548348591,186.164132513258,43.2058044518109,0,0.651767926212273
1,18.9,0,4.55613302562251,186.089852119423,43.1821500655344,0,0.650876146517502
1,19,0,4.5500818573683,186.015523511705,43.1584929946003,0,0.650011693909757
1,19.1,0,4.54421349773722,185.941150095493,43.134834042796,0,0.649173356819603
1,19.2,0,4.5385198428185,185.866735124405,43.111173977653,0,0.6483599775455
1,19.3,0,4.5329931493183,185.792281706914,43.0875135320302,0,0.647570449902614
1,19.4,0,4.52762602118452,185.717792811725,43.0638534054,0,0.646803717312074
1,19.5,0,4.52241139058324,185.64327127544,43.0401942656783,0,0.64605877008332
1,19.6,0,4.51734250392019,185.56871980818,43.0165367505688,0,0.64533464341717
1,19.7,0,4.51241290779232,185.494140999241,42.992881468914,0,0.644630415398902
1,19.8,0,4.50761643762475,185.419537321666,42.9692290017882,0,0.643945205374965
1,19.9,0,4.50294720349307,185.344911137952,42.945579903861,0,0.643278171927581
1,20,0,4.49839957712181,185.270264705286,42.9219347046479,0,0.642628511017401
1,20.1,0,4.49396818052217,185.195600180115,42.8982939096028,0,0.64199545436031
1,20.2,0,4.48964787541116,185.120919622405,42.8746580011361,0,0.64137826791588
1,20.3,0,4.48543375338184,185.0462249996,42.8510274395593,0,0.640776250483119
1,20.4,0,4.48132112382629,184.971518191481,42.8274026642475,0,0.640188731975184
1,20.5,0,4.47730550469062,184.896800993885,42.8037840945278,0,0.63961507209866
1,20.6,0,4.47338261318552,184.82207512245,42.780172130573,0,0.639054659026503
1,20.7,0,4.46954835859468,184.747342215504,42.7565671540933,0,0.638506908370669
1,20.8,0,4.46579883198108,184.67260383821,42.7329695293261,0,0.637971261711583
1,20.9,0,4.46213029814375,184.597861485804,42.7093796038098,0,0.637447185449107
1,21,0,4.45853918793988,184.523116586686,42.685797709122,0,0.636934169705698
1,21.1,0,4.45502209164733,184.448370505087,42.6622241615182,0,0.636431727378189
1,21.2,0,4.45157575172588,184.373624543991,42.6386592626274,0,0.635939393103697
1,21.3,0,4.44819705526396,184.298879948165,42.6151033001791,0,0.635456722180566
1,21.4,0,4.44488302775755,184.224137906672,42.5915565486015,0,0.63498328967965
1,21.5,0,4.44163082710968,184.149399555279,42.5680192695982,0,0.634518689587097
1,21.6,0,4.43843773859168,184.074665978492,42.5444917126334,0,0.634062534084526
1,21.7,0,4.43530116792896,183.99993821233,42.5209741155962,0,0.63361445256128
1,21.8,0,4.43221863618807,183.925217246394,42.4974667052929,0,0.63317409088401
1,21.9,0,4.42918777460977,183.850504025937,42.4739696979438,0,0.632741110658539
1,22,0,4.42620632050315,183.775799453521,42.4504832995778,0,0.632315188643307
1,22.1,0,4.42327211191331,183.701104391163,42.4270077065454,0,0.631896015987616
1,22.2,0,4.42038308292438,183.626419662225,42.4035431059704,0,0.631483297560626
1,22.3,0,4.41753725947139,183.551746053099,42.380089676153,0,0.631076751353056
1,22.4,0,4.41473275550863,183.477084314751,42.3566475869377,0,0.630676107929805
1,22.5,0,4.41196776933048,183.4024351642,42.3332170000676,0,0.630281109904354
1,22.6,0,4.40924057916808,183.327799286293,42.3097980696077,0,0.629891511309726
1,22.7,0,4.40654953980177,183.253177335062,42.2863909422706,0,0.629507077114539
1,22.8,0,4.40389307916733,183.1785699351,42.2629957577432,0,0.62912758273819
1,22.9,0,4.40126969567973,183.103977682629,42.2396126489438,0,0.628752813668533
1,23,0,4.39867795444116,183.02940114703,42.2162417423868,0,0.628382564920166
1,23.1,0,4.39611648432643,182.954840872018,42.1928831584631,0,0.628016640618061
1,23.2,0,4.39358397514774,182.880297376779,42.1695370117128,0,0.627654853592534
1,23.3,0,4.39107917526801,182.805771156934,42.1462034110545,0,0.627297025038287
1,23.4,0,4.38860088887379,182.731262685636,42.1228824600479,0,0.626942984124827
1,23.5,0,4.38614797323725,182.656772414669,42.0995742571569,0,0.626592567605321
1,23.6,0,4.38371933642894,182.582300775372,42.0762788959696,0,0.626245619489848
1,23.7,0,4.3813139351332,182.507848179519,42.0529964654083,0,0.625901990733314
1,23.8,0,4.37893077276022,182.433415020074,42.0297270499113,0,0.625561538965746
1,23.9,0,4.37656889692479,182.359001672212,42.0064707296751,0,0.625224128132113
1,24,0,4.37422739757668,182.284608494065,41.9832275808346,0,0.62488962822524
1,24.1,0,4.37190540510462,182.210235827491,41.9599976756448,0,0.624557915014946
1,24.2,0,4.36960208884017,182.135883998674,41.9367810826253,0,0.624228869834311
1,24.3,0,4.36731665506265,182.061553318924,41.9135778667519,0,0.623902379294664
1,24.4,0,4.3650483453042,181.987244085364,41.8903880896196,0,0.623578335043456
1,24.5,0,4.36279643480372,181.91295658155,41.8672118095912,0,0.623256633543388
1,24.6,0,4.36056023111776,181.838691078029,41.8440490819311,0,0.622937175873966
1,24.7,0,4.35833907276174,181.764447832889,41.8208999589358,0,0.622619867537391
1,24.8,0,4.35613232756354,181.690227092417,41.7977644900924,0,0.622304618223363
1,24.9,0,4.35393939146354,181.616029091588,41.7746427221937,0,0.621991341637648
1,25,0,4.35175968728244,181.541854054555,41.7515346994571,0,0.621679955326063
1,25.1,0,4.34959266380979,181.46770219502,41.7284404636119,0,0.621370380544255
1,25.2,0,4.34743779419478,181.39357371688,41.7053600540541,0,0.621062542027825
1,25.3,0,4.34529457492112,181.319468814639,41.6822935079453,0,0.620756367845874
1,25.4,0,4.34316252474361,181.245387673839,41.6592408603146,0,0.620451789249087
1,25.5,0,4.34104118364897,181.171330471472,41.6362021441586,0,0.620148740521282
1,25.6,0,4.33893011263658,181.097297376077,41.6131773904627,0,0.619847158948083
1,25.7,0,4.33682889232522,181.023288548293,41.5901666283348,0,0.619546984617889
1,25.8,0,4.33473712173077,180.949304141356,41.567169885123,0,0.619248160247253
1,25.9,0,4.33265441770947,180.875344301319,41.5441871864693,0,0.618950631101353
1,26,0,4.33058041418297,180.801409167368,41.5212185563836,0,0.618654344883281
1,26.1,0,4.32851476132734,180.727498872146,41.4982640173223,0,0.618359251618191
1,26.2,0,4.32645712473884,180.653613542089,41.475323590268,0,0.61806530353412
1,26.3,0,4.32440718505371,180.579753297578,41.4523972947666,0,0.617772455007673
1,26.4,0,4.32236463724231,180.505918253227,41.4294851489946,0,0.617480662463187
1,26.5,0,4.32032919004031,180.432108518108,41.4065871698141,0,0.617189884291473
1,26.6,0,4.31830056533647,180.358324195998,41.3837033728319,0,0.616900080762353
1,26.7,0,4.31627849633914,180.284565386119,41.3608337725752,0,0.616611213762734
1,26.8,0,4.31426272835764,180.210832182821,41.3379783824171,0,0.616323246908234
1,26.9,0,4.3122530183607,180.137124675761,41.3151372146187,0,0.6160361454801
1,27,0,4.3102491342681,180.06344295019,41.2923102803971,0,0.615749876324015
1,27.1,0,4.30825085454126,179.989787087114,41.2694975899651,0,0.615464407791609
1,27.2,0,4.30625796710719,179.916157163729,41.2466991526346,0,0.615179709586741
1,27.3,0,4.3042702687264,179.842553253675,41.2239149768772,0,0.6148957526752
1,27.4,0,4.30228756576398,179.768975426727,41.2011450702502,0,0.614612509394854
1,27.5,0,4.30030967330315,179.695423749151,41.1783894394818,0,0.614329953329021
1,27.6,0,4.2983364148162,179.621898283834,41.1556480905026,0,0.614048059259457
1,27.7,0,4.29636762169215,179.548399090479,41.1329210284912,0,0.613766803098879
1,27.8,0,4.29440313196222,179.474926226114,41.1102082579969,0,0.613486161708889
1,27.9,0,4.29244279123888,179.401479744715,41.087509782849,0,0.613206113034125
1,28,0,4.29048645216937,179.328059697427,41.0648256062095,0,0.612926636024196
1,28.1,0,4.28853397405907,179.254666132715,41.0421557306094,0,0.612647710579867
1,28.2,0,4.28658522262246,179.181299096463,41.0195001579728,0,0.612369317517495
1,28.3,0,4.28464006907666,179.107958632341,40.9968588897036,0,0.612091438439523
1,28.4,0,4.28269839020906,179.034644781777,40.9742319266794,0,0.611814055744152
1,28.5,0,4.28076006857181,178.961357583878,40.9516192692325,0,0.611537152653115
1,28.6,0,4.27882499199319,178.888097075627,40.9290209171972,0,0.611260713141884
1,28.7,0,4.27689305337791,178.814863291963,40.9064368699286,0,0.61098472191113
1,28.8,0,4.27496415034546,178.741656265928,40.883867126338,0,0.610709164335065
1,28.9,0,4.27303818462681,178.668476028909,40.8613116849499,0,0.610434026375258
1,29,0,4.2711150625857,178.595322610428,40.8387705438531,0,0.6101592946551
1,29.1,0,4.26919469480845,178.522196038306,40.816243700739,0,0.609884956401207
1,29.2,0,4.26727699591975,178.44909633874,40.7937311529201,0,0.609610999417107
1,29.3,0,4.26536188441246,178.376023536368,40.771232897346,0,0.609337412058922
1,29.4,0,4.26344928202902,178.302977654523,40.7487489306629,0,0.609064183147003
1,29.5,0,4.26153911403127,178.229958715117,40.7262792491878,0,0.608791302004467
1,29.6,0,4.2596313091243,178.15696673868,40.7038238489156,0,0.608518758446328
1,29.7,0,4.2577257992167,178.084001744449,40.6813827255424,0,0.608246542745242
1,29.8,0,4.2558225193015,178.011063750421,40.6589558744767,0,0.6079746456145
1,29.9,0,4.25392140705469,177.938152773513,40.6365432908781,0,0.60770305815067
1,30,0,4.25202240306577,177.865268829469,40.6141449696353,0,0.607431771866539
1,30.1,0,4.25012545023507,177.792411933102,40.5917609054235,0,0.60716077860501
1,30.2,0,4.24823049428586,177.719582098089,40.569391092656,0,0.606890070612265
1,30.3,0,4.24633748336037,177.646779337133,40.5470355255222,0,0.606619640480053
1,30.4,0,4.24444636789297,177.574003662014,40.5246941980003,0,0.606349481127567
1,30.5,0,4.24255710016986,177.501255083768,40.5023671038995,0,0.606079585738552
1,30.6,0,4.24066963477497,177.428533612504,40.4800542368171,0,0.605809947824996
1,30.7,0,4.23878392840653,177.355839257481,40.4577555901561,0,0.605540561200932
1,30.8,0,4.23689993974135,177.28317202716,40.4354711571383,0,0.60527141996305
1,30.9,0,4.23501762935657,177.210531929239,40.4132009308117,0,0.60500251847951
1,31,0,4.23313695965043,177.137918970682,40.3909449040583,0,0.604733851378633
1,31.1,0,4.23125789437935,177.065333157904,40.3687030696386,0,0.604465413482764
1,31.2,0,4.22938039876115,176.992774496735,40.3464754201813,0,0.604197199823021
1,31.3,0,4.22750443972089,176.920242992316,40.3242619481603,0,0.603929205674413
1,31.4,0,4.2256299855909,176.847738649222,40.3020626459229,0,0.603661426512986
1,31.5,0,4.22375700602377,176.775261471495,40.2798775056985,0,0.603393858003395
1,31.6,0,4.22188547190538,176.702811462681,40.257706519607,0,0.603126495986483
1,31.7,0,4.22001535547707,176.630388625782,40.2355496796467,0,0.602859336496724
1,31.8,0,4.21814663084522,176.557992963047,40.2134069776457,0,0.602592375835032
1,31.9,0,4.21627927280908,176.485624476446,40.1912784053743,0,0.602325610401298
1,32,0,4.21441325715306,176.413283167555,40.1691639545173,0,0.602059036736152
1,32.1,0,4.21254856062858,176.340969037557,40.1470636166751,0,0.601792651518369
1,32.2,0,4.21068516088086,176.268682087277,40.1249773833713,0,0.601526451554408
1,32.3,0,4.20882303640783,176.196422317197,40.1029052460564,0,0.601260433772548
1,32.4,0,4.20696216748608,176.124189727081,40.0808471960187,0,0.600994595355154
1,32.5,0,4.2051025351699,176.051984316383,40.0588032244806,0,0.6007289335957
1,32.6,0,4.20324412099674,175.979806084359,40.0367733226272,0,0.600463445856678
1,32.7,0,4.201386907254,175.907655029965,40.0147574815802,0,0.600198129607714
1,32.8,0,4.1995308769245,175.835531151877,39.9927556924032,0,0.599932982417785
1,32.9,0,4.19767601363208,175.763434448511,39.9707679461072,0,0.599668001947439
1,33,0,4.1958223019004,175.691364917923,39.9487942336255,0,0.599403185985771
1,33.1,0,4.19396972740546,175.619322557704,39.9268345457896,0,0.599138532486494
1,33.2,0,4.19211827602567,175.547307365363,39.9048888734201,0,0.598874039432238
1,33.3,0,4.19026793419107,175.475319338187,39.8829572072937,0,0.598609704884438
1,33.4,0,4.18841868885633,175.403358473253,39.8610395381453,0,0.598345526979476
1,33.5,0,4.18657052745881,175.331424767442,39.8391358566724,0,0.598081503922688
1,33.6,0,4.18472343793742,175.259518217433,39.8172461535328,0,0.59781763399106
1,33.7,0,4.18287740930932,175.187638819472,39.7953704192897,0,0.597553915615617
1,33.8,0,4.18103243085535,175.115786569699,39.7735086444897,0,0.597290347265051
1,33.9,0,4.17918849217275,175.043961464125,39.7516608196578,0,0.59702692745325
1,34,0,4.17734558326649,174.972163498597,39.7298269352884,0,0.596763654752356
1,34.1,0,4.17550369451859,174.900392668811,39.7080069818487,0,0.59650052778837
1,34.2,0,4.17366281665736,174.828648970324,39.6862009497813,0,0.596237545236765
1,34.3,0,4.17182294109094,174.756932398418,39.6644088294721,0,0.595974705870134
1,34.4,0,4.1699840597888,174.685242948149,39.6426306112618,0,0.595712008541257
1,34.5,0,4.1681461647549,174.61358061456,39.6208662854966,0,0.595449452107843
1,34.6,0,4.16630924829498,174.541945392572,39.5991158425026,0,0.595187035470712
1,34.7,0,4.16447330299192,174.470337276994,39.5773792725876,0,0.594924757570275
1,34.8,0,4.16263832168083,174.398756262533,39.5556565660442,0,0.594662617382976
1,34.9,0,4.16080429742414,174.327202343807,39.5339477131517,0,0.594400613917735
1,35,0,4.15897122352757,174.255675515332,39.5122527041749,0,0.594138746218224
1,35.1,0,4.15713909423822,174.184175771248,39.4905715292966,0,0.593877013462603
1,35.2,0,4.15530790386476,174.11270310567,39.4689041787025,0,0.593615414837823
1,35.3,0,4.1534776467437,174.0412575127,39.4472506425843,0,0.593353949534814
1,35.4,0,4.15164831742528,173.969838986355,39.4256109111218,0,0.59309261677504
1,35.5,0,4.14981991065658,173.898447520573,39.4039849744846,0,0.592831415808083
1,35.6,0,4.14799242136469,173.827083109219,39.3823728228335,0,0.592570345909242
1,35.7,0,4.14616584463978,173.755745746092,39.3607744463226,0,0.592309406377111
1,35.8,0,4.14434017582598,173.68443542489,39.3391898350899,0,0.592048596546569
1,35.9,0,4.1425154108358,173.613152139081,39.3176189792277,0,0.591787915833686
1,36,0,4.14069154549746,173.541895882167,39.2960618688448,0,0.591527363642495
1,36.1,0,4.13886857575835,173.470666647602,39.2745184940473,0,0.591266939394049
1,36.2,0,4.13704649770996,173.399464428783,39.252988844936,0,0.591006642529994
1,36.3,0,4.13522530757566,173.328289219053,39.2314729116078,0,0.590746472510809
1,36.4,0,4.13340500169845,173.257141011707,39.2099706841565,0,0.590486428814064
1,36.5,0,4.13158557652868,173.186019799995,39.1884821526743,0,0.590226510932669
1,36.6,0,4.12976702880963,173.114925577053,39.1670073072338,0,0.589966718401375
1,36.7,0,4.12794935556432,173.0438583359,39.1455461378893,0,0.589707050794903
1,36.8,0,4.12613255374344,172.972818069589,39.1240986347106,0,0.589447507677634
1,36.9,0,4.12431662040208,172.901804771125,39.102664787766,0,0.589188088628868
1,37,0,4.12250155269201,172.83081843348,39.0812445871233,0,0.588928793241716
1,37.1,0,4.12068734785294,172.759859049586,39.05983802285,0,0.588669621121848
1,37.2,0,4.11887400320371,172.688926612345,39.038445085015,0,0.588410571886244
1,37.3,0,4.11706151614418,172.618021114628,39.0170657636875,0,0.588151645163454
1,37.4,0,4.11524988440588,172.54714254917,38.9957000489137,0,0.587892840629411
1,37.5,0,4.11343910575974,172.476290908691,38.9743479307444,0,0.587634157965678
1,37.6,0,4.11162917797537,172.405466185912,38.953009399239,0,0.587375596853624
1,37.7,0,4.10982009889798,172.334668373523,38.9316844444582,0,0.587117156985426
1,37.8,0,4.10801186644259,172.263897464186,38.9103730564645,0,0.586858838063227
1,37.9,0,4.10620447858817,172.193153450537,38.8890752253227,0,0.586600639798311
1,38,0,4.10439793337185,172.122436325189,38.8677909411005,0,0.586342561910264
1,38.1,0,4.10259222826133,172.051746080986,38.8465201939277,0,0.586084604037333
1,38.2,0,4.10078736322342,171.981082709762,38.8252629737065,0,0.585826766174774
1,38.3,0,4.09898333538863,171.910446204497,38.804019270615,0,0.585569047912662
1,38.4,0,4.0971801431598,171.839836557655,38.7827890747197,0,0.585311449022829
1,38.5,0,4.09537778496846,171.769253761692,38.761572376093,0,0.585053969281208
1,38.6,0,4.09357625927481,171.698697809051,38.7403691648126,0,0.584796608467829
1,38.7,0,4.09177556456776,171.628168692162,38.7191794309621,0,0.584539366366822
1,38.8,0,4.08997569936492,171.557666403447,38.6980031646307,0,0.584282242766417
1,38.9,0,4.08817666229978,171.487190935277,38.6768403559047,0,0.584025237471397
1,39,0,4.08637845212067,171.416742279981,38.6556909948679,0,0.583768350302953
1,39.1,0,4.08458106750328,171.346320429915,38.6345550716194,0,0.583511581071897
1,39.2,0,4.08278450715692,171.275925377422,38.6134325762635,0,0.583254929593846
1,39.3,0,4.08098876982591,171.205557114831,38.5923234989097,0,0.582998395689415
1,39.4,0,4.07919385428949,171.135215634457,38.5712278296724,0,0.582741979184213
1,39.5,0,4.07739975936191,171.064900928601,38.5501455586711,0,0.582485679908844
1,39.6,0,4.07560648389236,170.99461298955,38.5290766760302,0,0.582229497698909
1,39.7,0,4.07381402676503,170.924351809576,38.5080211718794,0,0.581973432395004
1,39.8,0,4.07202238689904,170.85411738094,38.4869790363532,0,0.581717483842721
1,39.9,0,4.07023156327526,170.783909695875,38.4659502595882,0,0.581461651896465
1,40,0,4.06844155491904,170.713728746597,38.4449348317245,0,0.581205936417006
1,40.1,0,4.0666523608711,170.643574525319,38.4239327429099,0,0.5809503372673
1,40.2,0,4.06486398020859,170.573447024234,38.402943983297,0,0.580694854315513
1,40.3,0,4.06307641204508,170.503346235525,38.3819685430433,0,0.580439487435012
1,40.4,0,4.06128965553059,170.433272151357,38.3610064123111,0,0.58018423650437
1,40.5,0,4.05950370985155,170.363224763884,38.3400575812677,0,0.579929101407365
1,40.6,0,4.05771857423085,170.293204065242,38.3191220400849,0,0.579674082032978
1,40.7,0,4.05593424792779,170.223210047554,38.2981997789399,0,0.579419178275398
1,40.8,0,4.05415073023436,170.15324270293,38.2772907880148,0,0.57916439003348
1,40.9,0,4.05236802019099,170.083302023582,38.2563950575226,0,0.578909717170142
1,41,0,4.0505861168842,170.013388001703,38.2355125776806,0,0.578655159554885
1,41.1,0,4.04880501956936,169.943500629419,38.2146433386987,0,0.578400717081338
1,41.2,0,4.04702472752532,169.873639898844,38.1937873307929,0,0.578146389646475
1,41.3,0,4.04524524005433,169.803805802086,38.1729445441853,0,0.577892177150619
1,41.4,0,4.04346655648207,169.733998331241,38.152114969104,0,0.577638079497439
1,41.5,0,4.04168867615767,169.664217478397,38.1312985957832,0,0.577384096593953
1,41.6,0,4.03991159845367,169.594463235633,38.1104954144632,0,0.577130228350524
1,41.7,0,4.03813532276604,169.524735595018,38.0897054153901,0,0.576876474680863
1,41.8,0,4.03635984850441,169.455034548616,38.0689285888172,0,0.57662283550063
1,41.9,0,4.03458517488113,169.38536008857,38.0481649250231,0,0.576369310697304
1,42,0,4.0328113011926,169.315712206992,38.0274144142872,0,0.576115900170371
1,42.1,0,4.03103822682434,169.246090895954,38.006677046889,0,0.575862603832049
1,42.2,0,4.02926595117634,169.176496147526,37.985952813115,0,0.57560942159662
1,42.3,0,4.02749447366304,169.106927953771,37.9652417032585,0,0.575356353380435
1,42.4,0,4.0257237937134,169.037386306744,37.9445437076196,0,0.575103399101914
1,42.5,0,4.0239539107708,168.967871198499,37.9238588165054,0,0.574850558681543
1,42.6,0,4.02218482429313,168.89838262108,37.9031870202295,0,0.574597832041875
1,42.7,0,4.02041653375273,168.828920566528,37.8825283091126,0,0.574345219107533
1,42.8,0,4.01864903501036,168.759485028278,37.8618826710675,0,0.574092719287194
1,42.9,0,4.01688233599336,168.690075995106,37.8412501021352,0,0.573840333713337
1,43,0,4.01511643085212,168.62069346111,37.8206305891207,0,0.573588061550303
1,43.1,0,4.01335131915755,168.551337418291,37.8000241224325,0,0.573335902736792
1,43.2,0,4.01158700048056,168.482007858653,37.7794306924789,0,0.573083857211508
1,43.3,0,4.00982347439207,168.412704774199,37.7588502896684,0,0.572831924913153
1,43.4,0,4.008060740463,168.343428156931,37.7382829044093,0,0.572580105780429
1,43.5,0,4.00629879826427,168.274177998852,37.7177285271101,0,0.572328399752038
1,43.6,0,4.00453764736678,168.204954291965,37.6971871481792,0,0.572076806766683
1,43.7,0,4.00277728734145,168.135757028271,37.6766587580249,0,0.571825326763065
1,43.8,0,4.00101771774264,168.066586199782,37.6561433470696,0,0.57157395967752
1,43.9,0,3.99925893803529,167.997441798546,37.6356409058105,0,0.571322705433613
1,44,0,3.997500947754,167.92832381658,37.6151514246864,0,0.571071563964857
1,44.1,0,3.99574374644862,167.859232245898,37.5946748941234,0,0.570820535206946
1,44.2,0,3.99398733366899,167.790167078511,37.5742113045475,0,0.570569619095569
1,44.3,0,3.99223170896494,167.72112830643,37.5537606463848,0,0.57031881556642
1,44.4,0,3.99047687188632,167.652115921668,37.5333229100614,0,0.570068124555188
1,44.5,0,3.98872282198296,167.583129916237,37.5128980860033,0,0.569817545997566
1,44.6,0,3.98696955880472,167.514170282148,37.4924861646367,0,0.569567079829245
1,44.7,0,3.98521708190142,167.445237011412,37.4720871363875,0,0.569316725985918
1,44.8,0,3.98346539082292,167.376330096043,37.4517009916818,0,0.569066484403274
1,44.9,0,3.98171448511905,167.307449528051,37.4313277209458,0,0.568816355017007
1,45,0,3.9799643643518,167.238595299445,37.4109673146514,0,0.568566337764543
1,45.1,0,3.97821502817351,167.169767402209,37.3906197636118,0,0.568316432596216
1,45.2,0,3.97646647617393,167.100965828342,37.3702850584041,0,0.568066639453419
1,45.3,0,3.9747187079236,167.032190569851,37.3499631895325,0,0.5678169582748
1,45.4,0,3.97297172299304,166.963441618742,37.3296541475012,0,0.567567388999006
1,45.5,0,3.9712255209528,166.89471896702,37.3093579228145,0,0.567317931564686
1,45.6,0,3.9694801013734,166.826022606692,37.2890745059766,0,0.567068585910486
1,45.7,0,3.96773546382538,166.757352529764,37.2688038874917,0,0.566819351975055
1,45.8,0,3.96599160787927,166.688708728242,37.2485460578643,0,0.566570229697038
1,45.9,0,3.96424853310559,166.620091194131,37.2283010075983,0,0.566321219015085
1,46,0,3.96250623907489,166.551499919439,37.2080687271983,0,0.566072319867842
1,46.1,0,3.96076472535769,166.48293489617,37.1878492071683,0,0.565823532193956
1,46.2,0,3.95902399153913,166.414396116327,37.1676424380512,0,0.565574855934161
1,46.3,0,3.95728403735799,166.345883571863,37.1474484107958,0,0.565326291051142
1,46.4,0,3.9555448624602,166.277397254761,37.1272671161057,0,0.565077837494315
1,46.5,0,3.95380646645118,166.208937157017,37.1070985445773,0,0.564829495207311
1,46.6,0,3.95206884893633,166.140503270626,37.0869426868069,0,0.564581264133762
1,46.7,0,3.95033200952108,166.072095587583,37.066799533391,0,0.564333144217298
1,46.8,0,3.94859594781086,166.003714099883,37.0466690749261,0,0.564085135401551
1,46.9,0,3.94686066341107,165.935358799523,37.0265513020086,0,0.563837237630152
1,47,0,3.94512615592713,165.867029678496,37.0064462052349,0,0.563589450846733
1,47.1,0,3.94339242496447,165.798726728798,36.9863537752015,0,0.563341774994925
1,47.2,0,3.94165947012851,165.730449942425,36.9662740025048,0,0.563094210018358
1,47.3,0,3.93992729102465,165.662199311371,36.9462068777412,0,0.562846755860665
1,47.4,0,3.93819588726275,165.593974827632,36.926152391533,0,0.562599412466108
1,47.5,0,3.93646525852199,165.52577648319,36.9061105349081,0,0.562352179788855
1,47.6,0,3.93473540444618,165.457604270034,36.8860812986874,0,0.562105057778025
1,47.7,0,3.93300632465664,165.389458180156,36.8660646735605,0,0.56185804637952
1,47.8,0,3.93127801877469,165.321338205551,36.8460606502166,0,0.561611145539242
1,47.9,0,3.92955048642164,165.253244338209,36.8260692193452,0,0.561364355203092
1,48,0,3.92782372721881,165.185176570123,36.8060903716357,0,0.561117675316973
1,48.1,0,3.92609774078751,165.117134893287,36.7861240977775,0,0.560871105826787
1,48.2,0,3.92437252674905,165.049119299693,36.7661703884599,0,0.560624646678436
1,48.3,0,3.92264808472476,164.981129781333,36.7462292343724,0,0.560378297817822
1,48.4,0,3.92092441433593,164.9131663302,36.7263006262043,0,0.560132059190847
1,48.5,0,3.91920151520389,164.845228938286,36.7063845546452,0,0.559885930743413
1,48.6,0,3.91747938695122,164.777317597585,36.6864810103995,0,0.559639912421603
1,48.7,0,3.91575802923283,164.709432300094,36.6665899845614,0,0.559394004176118
1,48.8,0,3.91403744169066,164.641573037809,36.6467114680687,0,0.559148205955809
1,48.9,0,3.91231762395375,164.573739802722,36.6268454517036,0,0.558902517707679
1,49,0,3.91059857565113,164.505932586828,36.6069919262486,0,0.558656939378733
1,49.1,0,3.90888029641183,164.43815138212,36.587150882486,0,0.558411470915976
1,49.2,0,3.90716278586488,164.370396180592,36.5673223111981,0,0.558166112266411
1,49.3,0,3.90544604363931,164.302666974238,36.5475062031672,0,0.557920863377044
1,49.4,0,3.90373006936415,164.234963755051,36.5277025491757,0,0.557675724194878
1,49.5,0,3.90201486266843,164.167286515026,36.5079113400058,0,0.557430694666919
1,49.6,0,3.90030042318119,164.099635246156,36.48813256644,0,0.55718577474017
1,49.7,0,3.89858675053145,164.032009940434,36.4683662192605,0,0.556940964361636
1,49.8,0,3.89687384435066,163.964410589854,36.4486122892773,0,0.556696263478666
1,49.9,0,3.89516170430448,163.896837186418,36.4288707676916,0,0.556451672043498
1,50,0,3.89345033004038,163.829289722121,36.4091416454965,0,0.556207190005768
1,50.1,0,3.89173972119528,163.761768188958,36.3894249135647,0,0.555962817313612
1,50.2,0,3.89002987740612,163.694272578925,36.3697205627688,0,0.55571855391516
1,50.3,0,3.88832079830983,163.626802884017,36.3500285839816,0,0.555474399758547
1,50.4,0,3.88661248354334,163.559359096228,36.3303489680757,0,0.555230354791905
1,50.5,0,3.88490493274357,163.491941207555,36.3106817059238,0,0.554986418963368
1,50.6,0,3.88319814554747,163.424549209991,36.2910267883985,0,0.554742592221068
1,50.7,0,3.88149212159197,163.357183095532,36.2713842063726,0,0.554498874513138
1,50.8,0,3.87978686051398,163.289842856173,36.2517539507186,0,0.554255265787712
1,50.9,0,3.87808236195045,163.222528483909,36.2321360123093,0,0.554011765992921
1,51,0,3.87637862554118,163.155239970736,36.2125303820615,0,0.553768375077311
1,51.1,0,3.87467565095139,163.087977308663,36.192937051282,0,0.553525092993056
1,51.2,0,3.8729734378299,163.020740489688,36.1733560110258,0,0.553281919689986
1,51.3,0,3.87127198581949,162.953529505811,36.1537872522555,0,0.553038855117069
1,51.4,0,3.86957129456293,162.886344349028,36.1342307659333,0,0.552795899223275
1,51.5,0,3.86787136370301,162.819185011338,36.1146865430219,0,0.552553051957572
1,51.6,0,3.8661721928825,162.752051484737,36.0951545744835,0,0.552310313268929
1,51.7,0,3.8644737817442,162.684943761224,36.0756348512807,0,0.552067683106314
1,51.8,0,3.86277612993087,162.617861832797,36.0561273643759,0,0.551825161418695
1,51.9,0,3.86107923708529,162.550805691452,36.0366321047316,0,0.551582748155042
1,52,0,3.85938310285026,162.483775329188,36.0171490633101,0,0.551340443264323
1,52.1,0,3.85768772686854,162.416770738001,35.9976782310739,0,0.551098246695506
1,52.2,0,3.85599310878547,162.349791909894,35.9782195990497,0,0.550856158397925
1,52.3,0,3.8542992482613,162.282838836882,35.9587731586412,0,0.550614178323043
1,52.4,0,3.85260614494504,162.215911510971,35.9393389009681,0,0.55037230642072
1,52.5,0,3.85091379848299,162.149009924162,35.9199168170817,0,0.550130542640427
1,52.6,0,3.84922220852147,162.082134068457,35.9005068980337,0,0.549888886931638
1,52.7,0,3.84753137470677,162.015283935856,35.8811091348754,0,0.549647339243824
1,52.8,0,3.84584129668521,161.948459518363,35.8617235186583,0,0.549405899526459
1,52.9,0,3.84415197410309,161.881660807978,35.842350040434,0,0.549164567729013
1,53,0,3.84246340660673,161.814887796702,35.8229886912538,0,0.548923343800961
1,53.1,0,3.84077559384241,161.748140476539,35.8036394621693,0,0.548682227691773
1,53.2,0,3.83908853545646,161.681418839488,35.7843023442319,0,0.548441219350923
1,53.3,0,3.83740223109518,161.614722877552,35.764977328493,0,0.548200318727884
1,53.4,0,3.83571668040919,161.54805258274,35.7456644061392,0,0.547959525772742
1,53.5,0,3.83403188306574,161.481407947088,35.7263635688772,0,0.547718840437962
1,53.6,0,3.83234783871624,161.414788962607,35.7070748079186,0,0.547478262673749
1,53.7,0,3.83066454700975,161.348195621302,35.6877981144007,0,0.547237792429964
1,53.8,0,3.82898200759531,161.28162791518,35.6685334794607,0,0.546997429656473
1,53.9,0,3.82730022012197,161.215085836246,35.6492808942357,0,0.546757174303139
1,54,0,3.82561918423878,161.148569376508,35.6300403498629,0,0.546517026319825
1,54.1,0,3.82393889959477,161.082078527971,35.6108118374796,0,0.546276985656396
1,54.2,0,3.822259365839,161.015613282642,35.5915953482228,0,0.546037052262714
1,54.3,0,3.82058058262051,160.949173632526,35.5723908732298,0,0.545797226088644
1,54.4,0,3.81890254958834,160.88275956963,35.5531984036379,0,0.545557507084049
1,54.5,0,3.81722526639155,160.81637108596,35.5340179305841,0,0.545317895198793
1,54.6,0,3.81554873267918,160.750008173523,35.5148494452056,0,0.545078390382739
1,54.7,0,3.81387294810027,160.683670824324,35.4956929386397,0,0.544838992585752
1,54.8,0,3.81219791230386,160.617359030369,35.4765484020236,0,0.544599701757695
1,54.9,0,3.81052362493902,160.551072783665,35.4574158264943,0,0.544360517848431
1,55,0,3.80885008565477,160.484812076218,35.4382952031892,0,0.544121440807825
1,55.1,0,3.80717729410018,160.418576900034,35.4191865232454,0,0.543882470585739
1,55.2,0,3.80550524992427,160.352367247119,35.4000897778001,0,0.543643607132039
1,55.3,0,3.80383395278231,160.286183109492,35.3810049581841,0,0.543404850397472
1,55.4,0,3.80216340235797,160.22002447922,35.3619320566151,0,0.543166200336853
1,55.5,0,3.80049359830948,160.153891348327,35.3428710645165,0,0.542927656901355
1,55.6,0,3.79882454029041,160.087783708828,35.3238219731668,0,0.542689220041488
1,55.7,0,3.79715622795434,160.021701552737,35.3047847738443,0,0.542450889707762
1,55.8,0,3.79548866095482,159.955644872069,35.2857594578274,0,0.542212665850689
1,55.9,0,3.79382183894544,159.889613658837,35.2667460163945,0,0.541974548420777
1,56,0,3.79215576157976,159.823607905056,35.2477444408239,0,0.541736537368538
1,56.1,0,3.79049042851137,159.757627602741,35.2287547223942,0,0.541498632644481
1,56.2,0,3.78882583939382,159.691672743907,35.2097768523836,0,0.541260834199117
1,56.3,0,3.7871619938807,159.625743320567,35.1908108220705,0,0.541023141982957
1,56.4,0,3.78549889162557,159.559839324736,35.1718566227334,0,0.54078555594651
1,56.5,0,3.783836532282,159.493960748428,35.1529142456507,0,0.540548076040286
1,56.6,0,3.78217491550358,159.428107583658,35.1339836821007,0,0.540310702214797
1,56.7,0,3.78051404094386,159.362279822441,35.1150649233618,0,0.540073434420552
1,56.8,0,3.77885390825643,159.296477456791,35.0961579607123,0,0.539836272608061
1,56.9,0,3.77719451709485,159.230700478721,35.0772627854308,0,0.539599216727836
1,57,0,3.77553586711269,159.164948880248,35.0583793887956,0,0.539362266730385
1,57.1,0,3.77387795796354,159.099222653384,35.0395077620851,0,0.53912542256622
1,57.2,0,3.77222078930527,159.033521790157,35.0206478967391,0,0.538888684186468
1,57.3,0,3.77056436081942,158.967846282651,35.0017997850787,0,0.538652051545632
1,57.4,0,3.76890867216759,158.902196122904,34.9829634186826,0,0.53841552459537
1,57.5,0,3.76725372300701,158.836571302938,34.9641387889658,0,0.538179103286716
1,57.6,0,3.76559951299492,158.770971814778,34.9453258873431,0,0.537942787570703
1,57.7,0,3.76394604178854,158.705397650447,34.9265247052296,0,0.537706577398363
1,57.8,0,3.76229330904512,158.639848801969,34.9077352340404,0,0.537470472720731
1,57.9,0,3.76064131442188,158.574325261368,34.8889574651903,0,0.53723447348884
1,58,0,3.75899005757605,158.508827020669,34.8701913900944,0,0.536998579653721
1,58.1,0,3.75733953816487,158.443354071895,34.8514370001677,0,0.53676279116641
1,58.2,0,3.75568975584556,158.37790640707,34.8326942868251,0,0.536527107977938
1,58.3,0,3.75404071027537,158.312484018217,34.8139632414817,0,0.536291530039339
1,58.4,0,3.75239240111152,158.247086897362,34.7952438555525,0,0.536056057301646
1,58.5,0,3.75074482801124,158.181715036527,34.7765361204524,0,0.535820689715892
1,58.6,0,3.74909799063177,158.116368427736,34.7578400275964,0,0.53558542723311
1,58.7,0,3.74745188863034,158.051047063015,34.7391555683996,0,0.535350269804334
1,58.8,0,3.74580652166418,157.985750934385,34.7204827342768,0,0.535115217380597
1,58.9,0,3.74416188939052,157.920480033872,34.7018215166432,0,0.534880269912931
1,59,0,3.74251799146659,157.855234353499,34.6831719069137,0,0.53464542735237
1,59.1,0,3.74087482834008,157.790013888083,34.6645339316901,0,0.534410689762868
1,59.2,0,3.73923239795999,157.724818623612,34.6459075063457,0,0.534176056851427
1,59.3,0,3.73759070095897,157.659648555557,34.627292665716,0,0.533941528708424
1,59.4,0,3.73594973699455,157.594503675943,34.6086894012299,0,0.533707105284936
1,59.5,0,3.73430950572445,157.529383976795,34.5900977043231,0,0.533472786532064
1,59.6,0,3.73267000680651,157.464289450139,34.5715175664387,0,0.53323857240093
1,59.7,0,3.73103123989876,157.399220088001,34.5529489790264,0,0.533004462842679
1,59.8,0,3.72939320465936,157.33417588241,34.5343919335435,0,0.532770457808481
1,59.9,0,3.72775590074667,157.269156825394,34.5158464214539,0,0.532536557249524
1,60,0,3.72611932781916,157.204162908979,34.4973124342288,0,0.532302761117024
1,60.1,0,3.7244834855355,157.139194125196,34.4787899633464,0,0.532069069362215
1,60.2,0,3.72284837355449,157.074250466073,34.4602790002919,0,0.531835481936356
1,60.3,0,3.7212139915351,157.009331923641,34.4417795365576,0,0.531601998790728
1,60.4,0,3.71958033913646,156.944438489931,34.423291563643,0,0.531368619876637
1,60.5,0,3.71794741601785,156.879570156973,34.4048150730543,0,0.531135345145407
1,60.6,0,3.71631522183872,156.8147269168,34.3863500563052,0,0.530902174548388
1,60.7,0,3.71468375625867,156.749908761443,34.3678965049161,0,0.530669108036952
1,60.8,0,3.71305301893746,156.685115682935,34.3494544104146,0,0.530436145562494
1,60.9,0,3.71142300953502,156.620347673311,34.3310237643354,0,0.530203287076431
1,61,0,3.70979372771419,156.555604724613,34.3126045583306,0,0.529970532530599
1,61.1,0,3.70816517315951,156.490886828971,34.2941967849136,0,0.52973788187993
1,61.2,0,3.70653734553873,156.426193978448,34.2758004359334,0,0.529505335076962
1,61.3,0,3.7049102445146,156.361526165088,34.2574155030391,0,0.529272892073514
1,61.4,0,3.70328386975004,156.296883380935,34.239041977889,0,0.529040552821434
1,61.5,0,3.70165822090819,156.232265618034,34.2206798521501,0,0.528808317272598
1,61.6,0,3.70003329765239,156.167672868433,34.2023291174982,0,0.528576185378912
1,61.7,0,3.69840909964619,156.103105124178,34.1839897656184,0,0.528344157092313
1,61.8,0,3.69678562655334,156.038562377317,34.1656617882042,0,0.528112232364764
1,61.9,0,3.69516287803781,155.974044619897,34.1473451769584,0,0.527880411148258
1,62,0,3.69354085376375,155.909551843969,34.1290399235924,0,0.527648693394821
1,62.1,0,3.69191955339552,155.845084041583,34.1107460198266,0,0.527417079056503
1,62.2,0,3.6902989765977,155.780641204788,34.0924634573903,0,0.527185568085386
1,62.3,0,3.68867912303507,155.716223325636,34.0741922280216,0,0.526954160433581
1,62.4,0,3.6870599923726,155.65183039618,34.0559323234677,0,0.526722856053228
1,62.5,0,3.68544158427548,155.587462408472,34.0376837354846,0,0.526491654896497
1,62.6,0,3.68382389840909,155.523119354565,34.019446455837,0,0.526260556915585
1,62.7,0,3.68220693443904,155.458801226515,34.0012204762986,0,0.526029562062721
1,62.8,0,3.68059069203113,155.394508016376,33.9830057886522,0,0.525798670290161
1,62.9,0,3.67897517085134,155.330239716203,33.9648023846893,0,0.525567881550192
1,63,0,3.67736037056591,155.265996318055,33.9466102562102,0,0.52533719579513
1,63.1,0,3.67574629084123,155.201777813986,33.9284293950243,0,0.525106612977318
1,63.2,0,3.67413293134392,155.137584196057,33.9102597929498,0,0.524876133049131
1,63.3,0,3.67252029174081,155.073415456325,33.8921014418136,0,0.524645755962973
1,63.4,0,3.67090837169892,155.00927158685,33.873954333452,0,0.524415481671275
1,63.5,0,3.6692971708855,154.945152579693,33.8558184597095,0,0.524185310126499
1,63.6,0,3.66768668896796,154.881058426913,33.8376938124402,0,0.523955241281137
1,63.7,0,3.66607692561395,154.816989120574,33.8195803835065,0,0.523725275087708
1,63.8,0,3.66446788049133,154.752944652736,33.80147816478,0,0.523495411498761
1,63.9,0,3.66285955326813,154.688925015464,33.7833871481412,0,0.523265650466876
1,64,0,3.66125194361262,154.624930200822,33.7653073254793,0,0.52303599194466
1,64.1,0,3.65964505119326,154.560960200873,33.7472386886926,0,0.522806435884751
1,64.2,0,3.6580388756787,154.497015007684,33.7291812296882,0,0.522576982239814
1,64.3,0,3.65643341673782,154.43309461332,33.711134940382,0,0.522347630962546
1,64.4,0,3.65482867403969,154.369199009849,33.693099812699,0,0.52211838200567
1,64.5,0,3.6532246472536,154.305328189338,33.6750758385729,0,0.521889235321942
1,64.6,0,3.65162133604901,154.241482143854,33.6570630099464,0,0.521660190864145
1,64.7,0,3.65001874009563,154.177660865469,33.6390613187709,0,0.52143124858509
1,64.8,0,3.64841685906334,154.11386434625,33.6210707570071,0,0.521202408437621
1,64.9,0,3.64681569262225,154.050092578269,33.6030913166241,0,0.520973670374607
1,65,0,3.64521524044265,153.986345553597,33.5851229896003,0,0.52074503434895
1,65.1,0,3.64361550219505,153.922623264307,33.5671657679227,0,0.520516500313578
1,65.2,0,3.64201647755016,153.85892570247,33.5492196435873,0,0.520288068221451
1,65.3,0,3.64041816617889,153.79525286016,33.5312846085991,0,0.520059738025556
1,65.4,0,3.63882056775238,153.731604729451,33.5133606549718,0,0.519831509678911
1,65.5,0,3.63722368194169,153.66798130242,33.4954477747094,0,0.519603383134527
1,65.6,0,3.63562750841151,153.604382571154,33.4775459593342,0,0.519375358344501
1,65.7,0,3.63403204683,153.540808527736,33.4596552006203,0,0.519147435261429
1,65.8,0,3.63243729686843,153.477259164245,33.4417754905664,0,0.518919613838347
1,65.9,0,3.63084325819824,153.41373447276,33.4239068211791,0,0.51869189402832
1,66,0,3.62924993049108,153.350234445361,33.4060491844729,0,0.518464275784439
1,66.1,0,3.62765731341876,153.286759074129,33.38820257247,0,0.518236759059823
1,66.2,0,3.62606540665333,153.223308351145,33.3703669772003,0,0.518009343807618
1,66.3,0,3.62447420986698,153.159882268492,33.3525423907017,0,0.517782029980997
1,66.4,0,3.62288372273212,153.096480818252,33.33472880502,0,0.517554817533161
1,66.5,0,3.62129394492135,153.033103992509,33.3169262122085,0,0.517327706417335
1,66.6,0,3.61970487610743,152.969751783348,33.2991346043285,0,0.517100696586776
1,66.7,0,3.61811651596335,152.906424182855,33.2813539734492,0,0.516873787994765
1,66.8,0,3.61652886416227,152.843121183115,33.2635843116473,0,0.51664698059461
1,66.9,0,3.61494192037754,152.779842776214,33.2458256110078,0,0.516420274339649
1,67,0,3.61335568428271,152.716588954242,33.228077863623,0,0.516193669183244
1,67.1,0,3.6117701555515,152.653359709285,33.2103410615933,0,0.515967165078785
1,67.2,0,3.61018533385784,152.590155033434,33.192615197027,0,0.515740761979691
1,67.3,0,3.60860121887584,152.526974918778,33.1749002620398,0,0.515514459839405
1,67.4,0,3.60701781027981,152.463819357408,33.1571962487557,0,0.515288258611401
1,67.5,0,3.60543510774424,152.400688341415,33.1395031493063,0,0.515062158249177
1,67.6,0,3.60385311094381,152.337581862891,33.1218209558309,0,0.514836158706259
1,67.7,0,3.60227181955341,152.27449991393,33.1041496604767,0,0.514610259936202
1,67.8,0,3.60069123324809,152.211442486625,33.0864892553988,0,0.514384461892584
1,67.9,0,3.59911135170311,152.14840957307,33.0688397327601,0,0.514158764529016
1,68,0,3.59753217459391,152.085401165362,33.0512010847311,0,0.51393316779913
1,68.1,0,3.59595370159613,152.022417255595,33.0335733034904,0,0.51370767165659
1,68.2,0,3.5943759323856,151.959457835867,33.0159563812243,0,0.513482276055085
1,68.3,0,3.59279886663832,151.896522898275,32.9983503101268,0,0.513256980948332
1,68.4,0,3.59122250403052,151.833612434918,32.9807550823999,0,0.513031786290074
1,68.5,0,3.58964684423857,151.770726437894,32.9631706902533,0,0.512806692034081
1,68.6,0,3.58807188693907,151.707864899303,32.9455971259045,0,0.512581698134153
1,68.7,0,3.5864976318088,151.645027811247,32.9280343815788,0,0.512356804544114
1,68.8,0,3.58492407852471,151.582215165826,32.9104824495095,0,0.512132011217816
1,68.9,0,3.58335122676398,151.519426955143,32.8929413219374,0,0.51190731810914
1,69,0,3.58177907620394,151.456663171299,32.8754109911115,0,0.511682725171991
1,69.1,0,3.58020762652213,151.3939238064,32.8578914492882,0,0.511458232360304
1,69.2,0,3.57863687739628,151.33120885255,32.840382688732,0,0.51123383962804
1,69.3,0,3.57706682850431,151.268518301853,32.8228847017152,0,0.511009546929187
1,69.4,0,3.57549747952433,151.205852146416,32.8053974805177,0,0.510785354217761
1,69.5,0,3.57392883013463,151.143210378345,32.7879210174274,0,0.510561261447804
1,69.6,0,3.5723608800137,151.080592989748,32.77045530474,0,0.510337268573385
1,69.7,0,3.57079362884022,151.017999972733,32.7530003347589,0,0.510113375548603
1,69.8,0,3.56922707629306,150.95543131941,32.7355560997954,0,0.50988958232758
1,69.9,0,3.56766122205128,150.892887021887,32.7181225921687,0,0.509665888864468
1,70,0,3.56609606579412,150.830367072275,32.7006998042052,0,0.509442295113445
1,70.1,0,3.56453160719551,150.767871462693,32.6832877277429,0,0.509218801027929
1,70.2,0,3.56296784592971,150.705400185259,32.6658863546411,0,0.508995406561388
1,70.3,0,3.56140478167586,150.642953232087,32.6484956771874,0,0.50877211166798
1,70.4,0,3.55984241411324,150.580530595292,32.6311156876757,0,0.508548916301892
1,70.5,0,3.55828074292133,150.518132266988,32.6137463784064,0,0.508325820417333
1,70.6,0,3.55671976777978,150.455758239292,32.5963877416862,0,0.50810282396854
1,70.7,0,3.55515948836841,150.393408504321,32.5790397698285,0,0.507879926909772
1,70.8,0,3.55359990436721,150.331083054192,32.561702455153,0,0.507657129195316
1,70.9,0,3.55204101545636,150.268781881023,32.544375789986,0,0.50743443077948
1,71,0,3.55048282131621,150.206504976934,32.5270597666602,0,0.507211831616602
1,71.1,0,3.54892532162728,150.144252334044,32.5097543775148,0,0.50698933166104
1,71.2,0,3.54736851607028,150.082023944475,32.4924596148953,0,0.506766930867182
1,71.3,0,3.54581240432606,150.019819800348,32.4751754711539,0,0.506544629189438
1,71.4,0,3.5442569860757,149.957639893786,32.4579019386491,0,0.506322426582242
1,71.5,0,3.5427022610004,149.89548421691,32.4406390097461,0,0.506100323000057
1,71.6,0,3.54114822878157,149.833352761846,32.4233866768162,0,0.505878318397367
1,71.7,0,3.53959488910079,149.771245520718,32.4061449322375,0,0.505656412728684
1,71.8,0,3.5380422416398,149.70916248565,32.3889137683943,0,0.505434605948543
1,71.9,0,3.53649028608053,149.647103648771,32.3716931776776,0,0.505212898011505
1,72,0,3.53493902210509,149.585069002206,32.3544831524847,0,0.504991288872156
